REPLACE INTO `furniture` VALUES ('19896', '', 'wallpaper 1', 'i', '1', '1', '1', '0', '0', '0', '3001', '0', '0', '1', '1', '0', 'roomeffect', '1', '0', '');
REPLACE INTO `furniture` VALUES ('19926', '', 'landscape 1', 'i', '1', '1', '1', '0', '0', '0', '4055', '0', '0', '1', '1', '0', 'roomeffect', '1', '0', '');

DELETE FROM catalog_items WHERE page_id = 15;

INSERT INTO `catalog_items` (page_id, item_ids, catalog_name, cost_credits, cost_pixels, amount)  VALUES ('15', '19896', 'wallpaper_single_101', '3', '0', '1');
INSERT INTO `catalog_items` (page_id, item_ids, catalog_name, cost_credits, cost_pixels, amount)  VALUES ('15', '19896', 'wallpaper_single_102', '3', '0', '1');
INSERT INTO `catalog_items` (page_id, item_ids, catalog_name, cost_credits, cost_pixels, amount)  VALUES ('15', '19896', 'wallpaper_single_103', '3', '0', '1');
INSERT INTO `catalog_items` (page_id, item_ids, catalog_name, cost_credits, cost_pixels, amount)  VALUES ('15', '19896', 'wallpaper_single_104', '3', '0', '1');
INSERT INTO `catalog_items` (page_id, item_ids, catalog_name, cost_credits, cost_pixels, amount)  VALUES ('15', '19896', 'wallpaper_single_105', '3', '0', '1');
INSERT INTO `catalog_items` (page_id, item_ids, catalog_name, cost_credits, cost_pixels, amount)  VALUES ('15', '19896', 'wallpaper_single_106', '3', '0', '1');
INSERT INTO `catalog_items` (page_id, item_ids, catalog_name, cost_credits, cost_pixels, amount)  VALUES ('15', '19896', 'wallpaper_single_107', '3', '0', '1');
INSERT INTO `catalog_items` (page_id, item_ids, catalog_name, cost_credits, cost_pixels, amount)  VALUES ('15', '19896', 'wallpaper_single_108', '3', '0', '1');
INSERT INTO `catalog_items` (page_id, item_ids, catalog_name, cost_credits, cost_pixels, amount)  VALUES ('15', '19896', 'wallpaper_single_109', '3', '0', '1');
INSERT INTO `catalog_items` (page_id, item_ids, catalog_name, cost_credits, cost_pixels, amount)  VALUES ('15', '19896', 'wallpaper_single_110', '3', '0', '1');
INSERT INTO `catalog_items` (page_id, item_ids, catalog_name, cost_credits, cost_pixels, amount)  VALUES ('15', '19896', 'wallpaper_single_111', '3', '0', '1');
INSERT INTO `catalog_items` (page_id, item_ids, catalog_name, cost_credits, cost_pixels, amount)  VALUES ('15', '19896', 'wallpaper_single_112', '3', '0', '1');
INSERT INTO `catalog_items` (page_id, item_ids, catalog_name, cost_credits, cost_pixels, amount)  VALUES ('15', '19896', 'wallpaper_single_113', '3', '0', '1');
INSERT INTO `catalog_items` (page_id, item_ids, catalog_name, cost_credits, cost_pixels, amount)  VALUES ('15', '19896', 'wallpaper_single_114', '3', '0', '1');
INSERT INTO `catalog_items` (page_id, item_ids, catalog_name, cost_credits, cost_pixels, amount)  VALUES ('15', '19896', 'wallpaper_single_115', '3', '0', '1');
INSERT INTO `catalog_items` (page_id, item_ids, catalog_name, cost_credits, cost_pixels, amount)  VALUES ('15', '19896', 'wallpaper_single_201', '3', '0', '1');
INSERT INTO `catalog_items` (page_id, item_ids, catalog_name, cost_credits, cost_pixels, amount)  VALUES ('15', '19896', 'wallpaper_single_202', '3', '0', '1');
INSERT INTO `catalog_items` (page_id, item_ids, catalog_name, cost_credits, cost_pixels, amount)  VALUES ('15', '19896', 'wallpaper_single_203', '3', '0', '1');
INSERT INTO `catalog_items` (page_id, item_ids, catalog_name, cost_credits, cost_pixels, amount)  VALUES ('15', '19896', 'wallpaper_single_204', '3', '0', '1');
INSERT INTO `catalog_items` (page_id, item_ids, catalog_name, cost_credits, cost_pixels, amount)  VALUES ('15', '19896', 'wallpaper_single_205', '3', '0', '1');
INSERT INTO `catalog_items` (page_id, item_ids, catalog_name, cost_credits, cost_pixels, amount)  VALUES ('15', '19896', 'wallpaper_single_206', '3', '0', '1');
INSERT INTO `catalog_items` (page_id, item_ids, catalog_name, cost_credits, cost_pixels, amount)  VALUES ('15', '19896', 'wallpaper_single_207', '3', '0', '1');
INSERT INTO `catalog_items` (page_id, item_ids, catalog_name, cost_credits, cost_pixels, amount)  VALUES ('15', '19896', 'wallpaper_single_208', '3', '0', '1');
INSERT INTO `catalog_items` (page_id, item_ids, catalog_name, cost_credits, cost_pixels, amount)  VALUES ('15', '19896', 'wallpaper_single_209', '3', '0', '1');
INSERT INTO `catalog_items` (page_id, item_ids, catalog_name, cost_credits, cost_pixels, amount)  VALUES ('15', '19896', 'wallpaper_single_210', '3', '0', '1');
INSERT INTO `catalog_items` (page_id, item_ids, catalog_name, cost_credits, cost_pixels, amount)  VALUES ('15', '19896', 'wallpaper_single_211', '3', '0', '1');
INSERT INTO `catalog_items` (page_id, item_ids, catalog_name, cost_credits, cost_pixels, amount)  VALUES ('15', '19896', 'wallpaper_single_212', '3', '0', '1');
INSERT INTO `catalog_items` (page_id, item_ids, catalog_name, cost_credits, cost_pixels, amount)  VALUES ('15', '19896', 'wallpaper_single_213', '3', '0', '1');
INSERT INTO `catalog_items` (page_id, item_ids, catalog_name, cost_credits, cost_pixels, amount)  VALUES ('15', '19896', 'wallpaper_single_214', '3', '0', '1');
INSERT INTO `catalog_items` (page_id, item_ids, catalog_name, cost_credits, cost_pixels, amount)  VALUES ('15', '19896', 'wallpaper_single_215', '3', '0', '1');
INSERT INTO `catalog_items` (page_id, item_ids, catalog_name, cost_credits, cost_pixels, amount)  VALUES ('15', '19896', 'wallpaper_single_216', '3', '0', '1');
INSERT INTO `catalog_items` (page_id, item_ids, catalog_name, cost_credits, cost_pixels, amount)  VALUES ('15', '19896', 'wallpaper_single_217', '3', '0', '1');
INSERT INTO `catalog_items` (page_id, item_ids, catalog_name, cost_credits, cost_pixels, amount)  VALUES ('15', '19896', 'wallpaper_single_218', '3', '0', '1');
INSERT INTO `catalog_items` (page_id, item_ids, catalog_name, cost_credits, cost_pixels, amount)  VALUES ('15', '19896', 'wallpaper_single_301', '3', '0', '1');
INSERT INTO `catalog_items` (page_id, item_ids, catalog_name, cost_credits, cost_pixels, amount)  VALUES ('15', '19896', 'wallpaper_single_302', '3', '0', '1');
INSERT INTO `catalog_items` (page_id, item_ids, catalog_name, cost_credits, cost_pixels, amount)  VALUES ('15', '19896', 'wallpaper_single_303', '3', '0', '1');
INSERT INTO `catalog_items` (page_id, item_ids, catalog_name, cost_credits, cost_pixels, amount)  VALUES ('15', '19896', 'wallpaper_single_304', '3', '0', '1');
INSERT INTO `catalog_items` (page_id, item_ids, catalog_name, cost_credits, cost_pixels, amount)  VALUES ('15', '19896', 'wallpaper_single_305', '3', '0', '1');
INSERT INTO `catalog_items` (page_id, item_ids, catalog_name, cost_credits, cost_pixels, amount)  VALUES ('15', '19896', 'wallpaper_single_306', '3', '0', '1');
INSERT INTO `catalog_items` (page_id, item_ids, catalog_name, cost_credits, cost_pixels, amount)  VALUES ('15', '19896', 'wallpaper_single_307', '3', '0', '1');
INSERT INTO `catalog_items` (page_id, item_ids, catalog_name, cost_credits, cost_pixels, amount)  VALUES ('15', '19896', 'wallpaper_single_401', '3', '0', '1');
INSERT INTO `catalog_items` (page_id, item_ids, catalog_name, cost_credits, cost_pixels, amount)  VALUES ('15', '19896', 'wallpaper_single_402', '3', '0', '1');
INSERT INTO `catalog_items` (page_id, item_ids, catalog_name, cost_credits, cost_pixels, amount)  VALUES ('15', '19896', 'wallpaper_single_403', '3', '0', '1');
INSERT INTO `catalog_items` (page_id, item_ids, catalog_name, cost_credits, cost_pixels, amount)  VALUES ('15', '19896', 'wallpaper_single_404', '3', '0', '1');
INSERT INTO `catalog_items` (page_id, item_ids, catalog_name, cost_credits, cost_pixels, amount)  VALUES ('15', '19896', 'wallpaper_single_405', '3', '0', '1');
INSERT INTO `catalog_items` (page_id, item_ids, catalog_name, cost_credits, cost_pixels, amount)  VALUES ('15', '19896', 'wallpaper_single_406', '3', '0', '1');
INSERT INTO `catalog_items` (page_id, item_ids, catalog_name, cost_credits, cost_pixels, amount)  VALUES ('15', '19896', 'wallpaper_single_407', '3', '0', '1');
INSERT INTO `catalog_items` (page_id, item_ids, catalog_name, cost_credits, cost_pixels, amount)  VALUES ('15', '19896', 'wallpaper_single_408', '3', '0', '1');
INSERT INTO `catalog_items` (page_id, item_ids, catalog_name, cost_credits, cost_pixels, amount)  VALUES ('15', '19896', 'wallpaper_single_501', '3', '0', '1');
INSERT INTO `catalog_items` (page_id, item_ids, catalog_name, cost_credits, cost_pixels, amount)  VALUES ('15', '19896', 'wallpaper_single_502', '3', '0', '1');
INSERT INTO `catalog_items` (page_id, item_ids, catalog_name, cost_credits, cost_pixels, amount)  VALUES ('15', '19896', 'wallpaper_single_503', '3', '0', '1');
INSERT INTO `catalog_items` (page_id, item_ids, catalog_name, cost_credits, cost_pixels, amount)  VALUES ('15', '19896', 'wallpaper_single_504', '3', '0', '1');
INSERT INTO `catalog_items` (page_id, item_ids, catalog_name, cost_credits, cost_pixels, amount)  VALUES ('15', '19896', 'wallpaper_single_505', '3', '0', '1');
INSERT INTO `catalog_items` (page_id, item_ids, catalog_name, cost_credits, cost_pixels, amount)  VALUES ('15', '19896', 'wallpaper_single_506', '3', '0', '1');
INSERT INTO `catalog_items` (page_id, item_ids, catalog_name, cost_credits, cost_pixels, amount)  VALUES ('15', '19896', 'wallpaper_single_507', '3', '0', '1');
INSERT INTO `catalog_items` (page_id, item_ids, catalog_name, cost_credits, cost_pixels, amount)  VALUES ('15', '19896', 'wallpaper_single_508', '3', '0', '1');
INSERT INTO `catalog_items` (page_id, item_ids, catalog_name, cost_credits, cost_pixels, amount)  VALUES ('15', '19896', 'wallpaper_single_601', '3', '0', '1');
INSERT INTO `catalog_items` (page_id, item_ids, catalog_name, cost_credits, cost_pixels, amount)  VALUES ('15', '19896', 'wallpaper_single_602', '3', '0', '1');
INSERT INTO `catalog_items` (page_id, item_ids, catalog_name, cost_credits, cost_pixels, amount)  VALUES ('15', '19896', 'wallpaper_single_603', '3', '0', '1');
INSERT INTO `catalog_items` (page_id, item_ids, catalog_name, cost_credits, cost_pixels, amount)  VALUES ('15', '19896', 'wallpaper_single_604', '3', '0', '1');
INSERT INTO `catalog_items` (page_id, item_ids, catalog_name, cost_credits, cost_pixels, amount)  VALUES ('15', '19896', 'wallpaper_single_605', '3', '0', '1');
INSERT INTO `catalog_items` (page_id, item_ids, catalog_name, cost_credits, cost_pixels, amount)  VALUES ('15', '19896', 'wallpaper_single_606', '3', '0', '1');
INSERT INTO `catalog_items` (page_id, item_ids, catalog_name, cost_credits, cost_pixels, amount)  VALUES ('15', '19896', 'wallpaper_single_607', '3', '0', '1');
INSERT INTO `catalog_items` (page_id, item_ids, catalog_name, cost_credits, cost_pixels, amount)  VALUES ('15', '19896', 'wallpaper_single_608', '3', '0', '1');
INSERT INTO `catalog_items` (page_id, item_ids, catalog_name, cost_credits, cost_pixels, amount)  VALUES ('15', '19896', 'wallpaper_single_609', '3', '0', '1');
INSERT INTO `catalog_items` (page_id, item_ids, catalog_name, cost_credits, cost_pixels, amount)  VALUES ('15', '19896', 'wallpaper_single_610', '3', '0', '1');
INSERT INTO `catalog_items` (page_id, item_ids, catalog_name, cost_credits, cost_pixels, amount)  VALUES ('15', '19896', 'wallpaper_single_701', '3', '0', '1');
INSERT INTO `catalog_items` (page_id, item_ids, catalog_name, cost_credits, cost_pixels, amount)  VALUES ('15', '19896', 'wallpaper_single_702', '3', '0', '1');
INSERT INTO `catalog_items` (page_id, item_ids, catalog_name, cost_credits, cost_pixels, amount)  VALUES ('15', '19896', 'wallpaper_single_703', '3', '0', '1');
INSERT INTO `catalog_items` (page_id, item_ids, catalog_name, cost_credits, cost_pixels, amount)  VALUES ('15', '19896', 'wallpaper_single_704', '3', '0', '1');
INSERT INTO `catalog_items` (page_id, item_ids, catalog_name, cost_credits, cost_pixels, amount)  VALUES ('15', '19896', 'wallpaper_single_705', '3', '0', '1');
INSERT INTO `catalog_items` (page_id, item_ids, catalog_name, cost_credits, cost_pixels, amount)  VALUES ('15', '19896', 'wallpaper_single_706', '3', '0', '1');
INSERT INTO `catalog_items` (page_id, item_ids, catalog_name, cost_credits, cost_pixels, amount)  VALUES ('15', '19896', 'wallpaper_single_707', '3', '0', '1');
INSERT INTO `catalog_items` (page_id, item_ids, catalog_name, cost_credits, cost_pixels, amount)  VALUES ( '15', '19896', 'wallpaper_single_708', '3', '0', '1');
INSERT INTO `catalog_items` (page_id, item_ids, catalog_name, cost_credits, cost_pixels, amount)  VALUES ('15', '19896', 'wallpaper_single_709', '3', '0', '1');
INSERT INTO `catalog_items` (page_id, item_ids, catalog_name, cost_credits, cost_pixels, amount)  VALUES ('15', '19896', 'wallpaper_single_710', '3', '0', '1');
INSERT INTO `catalog_items` (page_id, item_ids, catalog_name, cost_credits, cost_pixels, amount)  VALUES ('15', '19896', 'wallpaper_single_801', '3', '0', '1');
INSERT INTO `catalog_items` (page_id, item_ids, catalog_name, cost_credits, cost_pixels, amount)  VALUES ('15', '19896', 'wallpaper_single_802', '3', '0', '1');
INSERT INTO `catalog_items` (page_id, item_ids, catalog_name, cost_credits, cost_pixels, amount)  VALUES ('15', '19896', 'wallpaper_single_803', '3', '0', '1');
INSERT INTO `catalog_items` (page_id, item_ids, catalog_name, cost_credits, cost_pixels, amount)  VALUES ('15', '19896', 'wallpaper_single_804', '3', '0', '1');
INSERT INTO `catalog_items` (page_id, item_ids, catalog_name, cost_credits, cost_pixels, amount)  VALUES ('15', '19896', 'wallpaper_single_805', '3', '0', '1');
INSERT INTO `catalog_items` (page_id, item_ids, catalog_name, cost_credits, cost_pixels, amount)  VALUES ('15', '19896', 'wallpaper_single_806', '3', '0', '1');
INSERT INTO `catalog_items` (page_id, item_ids, catalog_name, cost_credits, cost_pixels, amount)  VALUES ('15', '19896', 'wallpaper_single_807', '3', '0', '1');
INSERT INTO `catalog_items` (page_id, item_ids, catalog_name, cost_credits, cost_pixels, amount)  VALUES ('15', '19896', 'wallpaper_single_808', '3', '0', '1');
INSERT INTO `catalog_items` (page_id, item_ids, catalog_name, cost_credits, cost_pixels, amount)  VALUES ('15', '19896', 'wallpaper_single_809', '3', '0', '1');
INSERT INTO `catalog_items` (page_id, item_ids, catalog_name, cost_credits, cost_pixels, amount)  VALUES ('15', '19896', 'wallpaper_single_810', '3', '0', '1');
INSERT INTO `catalog_items` (page_id, item_ids, catalog_name, cost_credits, cost_pixels, amount)  VALUES ('15', '19896', 'wallpaper_single_901', '3', '0', '1');
INSERT INTO `catalog_items` (page_id, item_ids, catalog_name, cost_credits, cost_pixels, amount)  VALUES ('15', '19896', 'wallpaper_single_902', '3', '0', '1');
INSERT INTO `catalog_items` (page_id, item_ids, catalog_name, cost_credits, cost_pixels, amount)  VALUES ('15', '19896', 'wallpaper_single_903', '3', '0', '1');
INSERT INTO `catalog_items` (page_id, item_ids, catalog_name, cost_credits, cost_pixels, amount)  VALUES ('15', '19896', 'wallpaper_single_904', '3', '0', '1');
INSERT INTO `catalog_items` (page_id, item_ids, catalog_name, cost_credits, cost_pixels, amount)  VALUES ('15', '19896', 'wallpaper_single_905', '3', '0', '1');
INSERT INTO `catalog_items` (page_id, item_ids, catalog_name, cost_credits, cost_pixels, amount)  VALUES ('15', '19896', 'wallpaper_single_906', '3', '0', '1');
INSERT INTO `catalog_items` (page_id, item_ids, catalog_name, cost_credits, cost_pixels, amount)  VALUES ('15', '19896', 'wallpaper_single_907', '3', '0', '1');
INSERT INTO `catalog_items` (page_id, item_ids, catalog_name, cost_credits, cost_pixels, amount)  VALUES ('15', '19896', 'wallpaper_single_908', '3', '0', '1');
INSERT INTO `catalog_items` (page_id, item_ids, catalog_name, cost_credits, cost_pixels, amount)  VALUES ('15', '19896', 'wallpaper_single_1001', '3', '0', '1');
INSERT INTO `catalog_items` (page_id, item_ids, catalog_name, cost_credits, cost_pixels, amount)  VALUES ('15', '19896', 'wallpaper_single_1002', '3', '0', '1');
INSERT INTO `catalog_items` (page_id, item_ids, catalog_name, cost_credits, cost_pixels, amount)  VALUES ('15', '19896', 'wallpaper_single_1003', '3', '0', '1');
INSERT INTO `catalog_items` (page_id, item_ids, catalog_name, cost_credits, cost_pixels, amount)  VALUES ('15', '19896', 'wallpaper_single_1004', '3', '0', '1');
INSERT INTO `catalog_items` (page_id, item_ids, catalog_name, cost_credits, cost_pixels, amount)  VALUES ('15', '19896', 'wallpaper_single_1005', '3', '0', '1');
INSERT INTO `catalog_items` (page_id, item_ids, catalog_name, cost_credits, cost_pixels, amount)  VALUES ('15', '19896', 'wallpaper_single_1006', '3', '0', '1');
INSERT INTO `catalog_items` (page_id, item_ids, catalog_name, cost_credits, cost_pixels, amount)  VALUES ('15', '19896', 'wallpaper_single_1007', '3', '0', '1');
INSERT INTO `catalog_items` (page_id, item_ids, catalog_name, cost_credits, cost_pixels, amount)  VALUES ('15', '19896', 'wallpaper_single_1101', '3', '0', '1');
INSERT INTO `catalog_items` (page_id, item_ids, catalog_name, cost_credits, cost_pixels, amount)  VALUES ('15', '19896', 'wallpaper_single_1201', '3', '0', '1');
INSERT INTO `catalog_items` (page_id, item_ids, catalog_name, cost_credits, cost_pixels, amount)  VALUES ('15', '19896', 'wallpaper_single_1301', '3', '0', '1');
INSERT INTO `catalog_items` (page_id, item_ids, catalog_name, cost_credits, cost_pixels, amount)  VALUES ('15', '19896', 'wallpaper_single_1401', '3', '0', '1');
INSERT INTO `catalog_items` (page_id, item_ids, catalog_name, cost_credits, cost_pixels, amount)  VALUES ('15', '19896', 'wallpaper_single_1501', '3', '0', '1');
INSERT INTO `catalog_items` (page_id, item_ids, catalog_name, cost_credits, cost_pixels, amount)  VALUES ('15', '19896', 'wallpaper_single_1601', '3', '0', '1');
INSERT INTO `catalog_items` (page_id, item_ids, catalog_name, cost_credits, cost_pixels, amount)  VALUES ('15', '19896', 'wallpaper_single_1701', '3', '0', '1');
INSERT INTO `catalog_items` (page_id, item_ids, catalog_name, cost_credits, cost_pixels, amount)  VALUES ('15', '19896', 'wallpaper_single_1801', '3', '0', '1');
INSERT INTO `catalog_items` (page_id, item_ids, catalog_name, cost_credits, cost_pixels, amount)  VALUES ('15', '19896', 'wallpaper_single_1901', '3', '0', '1');
INSERT INTO `catalog_items` (page_id, item_ids, catalog_name, cost_credits, cost_pixels, amount)  VALUES ('15', '19896', 'wallpaper_single_1902', '3', '0', '1');
INSERT INTO `catalog_items` (page_id, item_ids, catalog_name, cost_credits, cost_pixels, amount)  VALUES ('15', '19896', 'wallpaper_single_2001', '3', '0', '1');
INSERT INTO `catalog_items` (page_id, item_ids, catalog_name, cost_credits, cost_pixels, amount)  VALUES ('15', '19896', 'wallpaper_single_2002', '3', '0', '1');
INSERT INTO `catalog_items` (page_id, item_ids, catalog_name, cost_credits, cost_pixels, amount)  VALUES ('15', '19896', 'wallpaper_single_2003', '3', '0', '1');
INSERT INTO `catalog_items` (page_id, item_ids, catalog_name, cost_credits, cost_pixels, amount)  VALUES ('15', '19896', 'wallpaper_single_2101', '3', '0', '1');
INSERT INTO `catalog_items` (page_id, item_ids, catalog_name, cost_credits, cost_pixels, amount)  VALUES ('15', '19896', 'wallpaper_single_2102', '3', '0', '1');
INSERT INTO `catalog_items` (page_id, item_ids, catalog_name, cost_credits, cost_pixels, amount)  VALUES ('15', '19896', 'wallpaper_single_2103', '3', '0', '1');
INSERT INTO `catalog_items` (page_id, item_ids, catalog_name, cost_credits, cost_pixels, amount)  VALUES ('15', '19896', 'wallpaper_single_2201', '3', '0', '1');
INSERT INTO `catalog_items` (page_id, item_ids, catalog_name, cost_credits, cost_pixels, amount)  VALUES ('15', '19896', 'wallpaper_single_2202', '3', '0', '1');
INSERT INTO `catalog_items` (page_id, item_ids, catalog_name, cost_credits, cost_pixels, amount)  VALUES ('15', '19896', 'wallpaper_single_2203', '3', '0', '1');
INSERT INTO `catalog_items` (page_id, item_ids, catalog_name, cost_credits, cost_pixels, amount)  VALUES ('15', '19896', 'wallpaper_single_2204', '3', '0', '1');
INSERT INTO `catalog_items` (page_id, item_ids, catalog_name, cost_credits, cost_pixels, amount)  VALUES ('15', '19896', 'wallpaper_single_2205', '3', '0', '1');
INSERT INTO `catalog_items` (page_id, item_ids, catalog_name, cost_credits, cost_pixels, amount)  VALUES ('15', '19896', 'wallpaper_single_2206', '3', '0', '1');
INSERT INTO `catalog_items` (page_id, item_ids, catalog_name, cost_credits, cost_pixels, amount)  VALUES ('15', '19896', 'wallpaper_single_2301', '3', '0', '1');
INSERT INTO `catalog_items` (page_id, item_ids, catalog_name, cost_credits, cost_pixels, amount)  VALUES ('15', '19896', 'wallpaper_single_2302', '3', '0', '1');
INSERT INTO `catalog_items` (page_id, item_ids, catalog_name, cost_credits, cost_pixels, amount)  VALUES ('15', '19896', 'wallpaper_single_2303', '3', '0', '1');
INSERT INTO `catalog_items` (page_id, item_ids, catalog_name, cost_credits, cost_pixels, amount)  VALUES ('15', '19896', 'wallpaper_single_2304', '3', '0', '1');
INSERT INTO `catalog_items` (page_id, item_ids, catalog_name, cost_credits, cost_pixels, amount)  VALUES ('15', '19896', 'wallpaper_single_2401', '3', '0', '1');
INSERT INTO `catalog_items` (page_id, item_ids, catalog_name, cost_credits, cost_pixels, amount)  VALUES ('15', '19896', 'wallpaper_single_2402', '3', '0', '1');
INSERT INTO `catalog_items` (page_id, item_ids, catalog_name, cost_credits, cost_pixels, amount)  VALUES ('15', '19896', 'wallpaper_single_2403', '3', '0', '1');
INSERT INTO `catalog_items` (page_id, item_ids, catalog_name, cost_credits, cost_pixels, amount)  VALUES ('15', '19896', 'wallpaper_single_2501', '3', '0', '1');
INSERT INTO `catalog_items` (page_id, item_ids, catalog_name, cost_credits, cost_pixels, amount)  VALUES ('15', '19896', 'wallpaper_single_2502', '3', '0', '1');
INSERT INTO `catalog_items` (page_id, item_ids, catalog_name, cost_credits, cost_pixels, amount)  VALUES ('15', '19896', 'wallpaper_single_2503', '3', '0', '1');
INSERT INTO `catalog_items` (page_id, item_ids, catalog_name, cost_credits, cost_pixels, amount)  VALUES ('15', '19896', 'wallpaper_single_2504', '3', '0', '1');
INSERT INTO `catalog_items` (page_id, item_ids, catalog_name, cost_credits, cost_pixels, amount)  VALUES ('15', '19896', 'wallpaper_single_2601', '3', '0', '1');
INSERT INTO `catalog_items` (page_id, item_ids, catalog_name, cost_credits, cost_pixels, amount)  VALUES ('15', '19896', 'wallpaper_single_2602', '3', '0', '1');
INSERT INTO `catalog_items` (page_id, item_ids, catalog_name, cost_credits, cost_pixels, amount)  VALUES ('15', '19896', 'wallpaper_single_2603', '3', '0', '1');
INSERT INTO `catalog_items` (page_id, item_ids, catalog_name, cost_credits, cost_pixels, amount)  VALUES ('15', '19896', 'wallpaper_single_2604', '3', '0', '1');
INSERT INTO `catalog_items` (page_id, item_ids, catalog_name, cost_credits, cost_pixels, amount)  VALUES ('15', '19896', 'wallpaper_single_2701', '3', '0', '1');
INSERT INTO `catalog_items` (page_id, item_ids, catalog_name, cost_credits, cost_pixels, amount)  VALUES ('15', '19896', 'wallpaper_single_2702', '3', '0', '1');
INSERT INTO `catalog_items` (page_id, item_ids, catalog_name, cost_credits, cost_pixels, amount)  VALUES ('15', '19896', 'wallpaper_single_2703', '3', '0', '1');
INSERT INTO `catalog_items` (page_id, item_ids, catalog_name, cost_credits, cost_pixels, amount)  VALUES ('15', '19896', 'wallpaper_single_2704', '3', '0', '1');
INSERT INTO `catalog_items` (page_id, item_ids, catalog_name, cost_credits, cost_pixels, amount)  VALUES ('15', '19896', 'wallpaper_single_2801', '3', '0', '1');
INSERT INTO `catalog_items` (page_id, item_ids, catalog_name, cost_credits, cost_pixels, amount)  VALUES ('15', '19896', 'wallpaper_single_2802', '3', '0', '1');
INSERT INTO `catalog_items` (page_id, item_ids, catalog_name, cost_credits, cost_pixels, amount)  VALUES ('15', '19896', 'wallpaper_single_2803', '3', '0', '1');
INSERT INTO `catalog_items` (page_id, item_ids, catalog_name, cost_credits, cost_pixels, amount)  VALUES ('15', '19896', 'wallpaper_single_2804', '3', '0', '1');
INSERT INTO `catalog_items` (page_id, item_ids, catalog_name, cost_credits, cost_pixels, amount)  VALUES ('15', '19896', 'wallpaper_single_2901', '3', '0', '1');
INSERT INTO `catalog_items` (page_id, item_ids, catalog_name, cost_credits, cost_pixels, amount)  VALUES ('15', '19896', 'wallpaper_single_2902', '3', '0', '1');
INSERT INTO `catalog_items` (page_id, item_ids, catalog_name, cost_credits, cost_pixels, amount)  VALUES ('15', '19896', 'wallpaper_single_2903', '3', '0', '1');
INSERT INTO `catalog_items` (page_id, item_ids, catalog_name, cost_credits, cost_pixels, amount)  VALUES ('15', '19896', 'wallpaper_single_2904', '3', '0', '1');
INSERT INTO `catalog_items` (page_id, item_ids, catalog_name, cost_credits, cost_pixels, amount)  VALUES ('15', '19896', 'wallpaper_single_3001', '3', '0', '1');
INSERT INTO `catalog_items` (page_id, item_ids, catalog_name, cost_credits, cost_pixels, amount)  VALUES ('15', '19896', 'wallpaper_single_3002', '3', '0', '1');
INSERT INTO `catalog_items` (page_id, item_ids, catalog_name, cost_credits, cost_pixels, amount)  VALUES ('15', '19896', 'wallpaper_single_3003', '3', '0', '1');
INSERT INTO `catalog_items` (page_id, item_ids, catalog_name, cost_credits, cost_pixels, amount)  VALUES ('15', '19896', 'wallpaper_single_3004', '3', '0', '1');
INSERT INTO `catalog_items` (page_id, item_ids, catalog_name, cost_credits, cost_pixels, amount)  VALUES ('15', '19896', 'wallpaper_single_3101', '3', '0', '1');
INSERT INTO `catalog_items` (page_id, item_ids, catalog_name, cost_credits, cost_pixels, amount)  VALUES ('15', '19896', 'wallpaper_single_3101', '3', '0', '1');
INSERT INTO `catalog_items` (page_id, item_ids, catalog_name, cost_credits, cost_pixels, amount)  VALUES ('15', '19896', 'wallpaper_single_3103', '3', '0', '1');
INSERT INTO `catalog_items` (page_id, item_ids, catalog_name, cost_credits, cost_pixels, amount)  VALUES ('15', '19896', 'wallpaper_single_3104', '3', '0', '1');
INSERT INTO `catalog_items` (page_id, item_ids, catalog_name, cost_credits, cost_pixels, amount)  VALUES ('15', '19896', 'wallpaper_single_3105', '3', '0', '1');
INSERT INTO `catalog_items` (page_id, item_ids, catalog_name, cost_credits, cost_pixels, amount)  VALUES ('15', '19896', 'wallpaper_single_3106', '3', '0', '1');
INSERT INTO `catalog_items` (page_id, item_ids, catalog_name, cost_credits, cost_pixels, amount)  VALUES ('15', '19894', 'floor_single_101', '3', '0', '1');
INSERT INTO `catalog_items` (page_id, item_ids, catalog_name, cost_credits, cost_pixels, amount)  VALUES ('15', '19894', 'floor_single_102', '3', '0', '1');
INSERT INTO `catalog_items` (page_id, item_ids, catalog_name, cost_credits, cost_pixels, amount)  VALUES ('15', '19894', 'floor_single_103', '3', '0', '1');
INSERT INTO `catalog_items` (page_id, item_ids, catalog_name, cost_credits, cost_pixels, amount)  VALUES ('15', '19894', 'floor_single_104', '3', '0', '1');
INSERT INTO `catalog_items` (page_id, item_ids, catalog_name, cost_credits, cost_pixels, amount)  VALUES ('15', '19894', 'floor_single_105', '3', '0', '1');
INSERT INTO `catalog_items` (page_id, item_ids, catalog_name, cost_credits, cost_pixels, amount)  VALUES ('15', '19894', 'floor_single_106', '3', '0', '1');
INSERT INTO `catalog_items` (page_id, item_ids, catalog_name, cost_credits, cost_pixels, amount)  VALUES ('15', '19894', 'floor_single_107', '3', '0', '1');
INSERT INTO `catalog_items` (page_id, item_ids, catalog_name, cost_credits, cost_pixels, amount)  VALUES ('15', '19894', 'floor_single_108', '3', '0', '1');
INSERT INTO `catalog_items` (page_id, item_ids, catalog_name, cost_credits, cost_pixels, amount)  VALUES ('15', '19894', 'floor_single_109', '3', '0', '1');
INSERT INTO `catalog_items` (page_id, item_ids, catalog_name, cost_credits, cost_pixels, amount)  VALUES ('15', '19894', 'floor_single_110', '3', '0', '1');
INSERT INTO `catalog_items` (page_id, item_ids, catalog_name, cost_credits, cost_pixels, amount)  VALUES ('15', '19894', 'floor_single_111', '3', '0', '1');
INSERT INTO `catalog_items` (page_id, item_ids, catalog_name, cost_credits, cost_pixels, amount)  VALUES ('15', '19894', 'floor_single_201', '3', '0', '1');
INSERT INTO `catalog_items` (page_id, item_ids, catalog_name, cost_credits, cost_pixels, amount)  VALUES ('15', '19894', 'floor_single_202', '3', '0', '1');
INSERT INTO `catalog_items` (page_id, item_ids, catalog_name, cost_credits, cost_pixels, amount)  VALUES ('15', '19894', 'floor_single_203', '3', '0', '1');
INSERT INTO `catalog_items` (page_id, item_ids, catalog_name, cost_credits, cost_pixels, amount)  VALUES ('15', '19894', 'floor_single_204', '3', '0', '1');
INSERT INTO `catalog_items` (page_id, item_ids, catalog_name, cost_credits, cost_pixels, amount)  VALUES ('15', '19894', 'floor_single_205', '3', '0', '1');
INSERT INTO `catalog_items` (page_id, item_ids, catalog_name, cost_credits, cost_pixels, amount)  VALUES ('15', '19894', 'floor_single_206', '3', '0', '1');
INSERT INTO `catalog_items` (page_id, item_ids, catalog_name, cost_credits, cost_pixels, amount)  VALUES ('15', '19894', 'floor_single_207', '3', '0', '1');
INSERT INTO `catalog_items` (page_id, item_ids, catalog_name, cost_credits, cost_pixels, amount)  VALUES ('15', '19894', 'floor_single_208', '3', '0', '1');
INSERT INTO `catalog_items` (page_id, item_ids, catalog_name, cost_credits, cost_pixels, amount)  VALUES ('15', '19894', 'floor_single_209', '3', '0', '1');
INSERT INTO `catalog_items` (page_id, item_ids, catalog_name, cost_credits, cost_pixels, amount)  VALUES ('15', '19894', 'floor_single_210', '3', '0', '1');
INSERT INTO `catalog_items` (page_id, item_ids, catalog_name, cost_credits, cost_pixels, amount)  VALUES ('15', '19894', 'floor_single_211', '3', '0', '1');
INSERT INTO `catalog_items` (page_id, item_ids, catalog_name, cost_credits, cost_pixels, amount)  VALUES ('15', '19894', 'floor_single_212', '3', '0', '1');
INSERT INTO `catalog_items` (page_id, item_ids, catalog_name, cost_credits, cost_pixels, amount)  VALUES ('15', '19894', 'floor_single_301', '3', '0', '1');
INSERT INTO `catalog_items` (page_id, item_ids, catalog_name, cost_credits, cost_pixels, amount)  VALUES ('15', '19894', 'floor_single_302', '3', '0', '1');
INSERT INTO `catalog_items` (page_id, item_ids, catalog_name, cost_credits, cost_pixels, amount)  VALUES ('15', '19894', 'floor_single_303', '3', '0', '1');
INSERT INTO `catalog_items` (page_id, item_ids, catalog_name, cost_credits, cost_pixels, amount)  VALUES ('15', '19894', 'floor_single_304', '3', '0', '1');
INSERT INTO `catalog_items` (page_id, item_ids, catalog_name, cost_credits, cost_pixels, amount)  VALUES ('15', '19894', 'floor_single_305', '3', '0', '1');
INSERT INTO `catalog_items` (page_id, item_ids, catalog_name, cost_credits, cost_pixels, amount)  VALUES ('15', '19894', 'floor_single_306', '3', '0', '1');
INSERT INTO `catalog_items` (page_id, item_ids, catalog_name, cost_credits, cost_pixels, amount)  VALUES ('15', '19894', 'floor_single_307', '3', '0', '1');
INSERT INTO `catalog_items` (page_id, item_ids, catalog_name, cost_credits, cost_pixels, amount)  VALUES ('15', '19894', 'floor_single_401', '3', '0', '1');
INSERT INTO `catalog_items` (page_id, item_ids, catalog_name, cost_credits, cost_pixels, amount)  VALUES ('15', '19894', 'floor_single_402', '3', '0', '1');
INSERT INTO `catalog_items` (page_id, item_ids, catalog_name, cost_credits, cost_pixels, amount)  VALUES ('15', '19894', 'floor_single_403', '3', '0', '1');
INSERT INTO `catalog_items` (page_id, item_ids, catalog_name, cost_credits, cost_pixels, amount)  VALUES ('15', '19894', 'floor_single_404', '3', '0', '1');
INSERT INTO `catalog_items` (page_id, item_ids, catalog_name, cost_credits, cost_pixels, amount)  VALUES ('15', '19894', 'floor_single_405', '3', '0', '1');
INSERT INTO `catalog_items` (page_id, item_ids, catalog_name, cost_credits, cost_pixels, amount)  VALUES ('15', '19894', 'floor_single_406', '3', '0', '1');
INSERT INTO `catalog_items` (page_id, item_ids, catalog_name, cost_credits, cost_pixels, amount)  VALUES ('15', '19894', 'floor_single_407', '3', '0', '1');
INSERT INTO `catalog_items` (page_id, item_ids, catalog_name, cost_credits, cost_pixels, amount)  VALUES ('15', '19894', 'floor_single_408', '3', '0', '1');
INSERT INTO `catalog_items` (page_id, item_ids, catalog_name, cost_credits, cost_pixels, amount)  VALUES ('15', '19894', 'floor_single_409', '3', '0', '1');
INSERT INTO `catalog_items` (page_id, item_ids, catalog_name, cost_credits, cost_pixels, amount)  VALUES ('15', '19894', 'floor_single_410', '3', '0', '1');
INSERT INTO `catalog_items` (page_id, item_ids, catalog_name, cost_credits, cost_pixels, amount)  VALUES ('15', '19894', 'floor_single_501', '3', '0', '1');
INSERT INTO `catalog_items` (page_id, item_ids, catalog_name, cost_credits, cost_pixels, amount)  VALUES ('15', '19894', 'floor_single_502', '3', '0', '1');
INSERT INTO `catalog_items` (page_id, item_ids, catalog_name, cost_credits, cost_pixels, amount)  VALUES ('15', '19894', 'floor_single_503', '3', '0', '1');
INSERT INTO `catalog_items` (page_id, item_ids, catalog_name, cost_credits, cost_pixels, amount)  VALUES ('15', '19894', 'floor_single_504', '3', '0', '1');
INSERT INTO `catalog_items` (page_id, item_ids, catalog_name, cost_credits, cost_pixels, amount)  VALUES ('15', '19894', 'floor_single_505', '3', '0', '1');
INSERT INTO `catalog_items` (page_id, item_ids, catalog_name, cost_credits, cost_pixels, amount)  VALUES ('15', '19894', 'floor_single_506', '3', '0', '1');
INSERT INTO `catalog_items` (page_id, item_ids, catalog_name, cost_credits, cost_pixels, amount)  VALUES ('15', '19894', 'floor_single_507', '3', '0', '1');
INSERT INTO `catalog_items` (page_id, item_ids, catalog_name, cost_credits, cost_pixels, amount)  VALUES ('15', '19894', 'floor_single_601', '3', '0', '1');
INSERT INTO `catalog_items` (page_id, item_ids, catalog_name, cost_credits, cost_pixels, amount)  VALUES ('15', '19894', 'floor_single_602', '3', '0', '1');
INSERT INTO `catalog_items` (page_id, item_ids, catalog_name, cost_credits, cost_pixels, amount)  VALUES ('15', '19894', 'floor_single_603', '3', '0', '1');
INSERT INTO `catalog_items` (page_id, item_ids, catalog_name, cost_credits, cost_pixels, amount)  VALUES ('15', '19894', 'floor_single_604', '3', '0', '1');
INSERT INTO `catalog_items` (page_id, item_ids, catalog_name, cost_credits, cost_pixels, amount)  VALUES ('15', '19894', 'floor_single_605', '3', '0', '1');
INSERT INTO `catalog_items` (page_id, item_ids, catalog_name, cost_credits, cost_pixels, amount)  VALUES ('15', '19894', 'floor_single_606', '3', '0', '1');
INSERT INTO `catalog_items` (page_id, item_ids, catalog_name, cost_credits, cost_pixels, amount)  VALUES ('15', '19894', 'floor_single_607', '3', '0', '1');
INSERT INTO `catalog_items` (page_id, item_ids, catalog_name, cost_credits, cost_pixels, amount)  VALUES ('15', '19894', 'floor_single_608', '3', '0', '1');
INSERT INTO `catalog_items` (page_id, item_ids, catalog_name, cost_credits, cost_pixels, amount)  VALUES ('15', '19894', 'floor_single_609', '3', '0', '1');
INSERT INTO `catalog_items` (page_id, item_ids, catalog_name, cost_credits, cost_pixels, amount)  VALUES ('15', '19894', 'floor_single_610', '3', '0', '1');
INSERT INTO `catalog_items` (page_id, item_ids, catalog_name, cost_credits, cost_pixels, amount)  VALUES ('15', '19926', 'landscape_single_1.1', '3', '0', '1');
INSERT INTO `catalog_items` (page_id, item_ids, catalog_name, cost_credits, cost_pixels, amount)  VALUES ('15', '19926', 'landscape_single_2.1', '3', '0', '1');
INSERT INTO `catalog_items` (page_id, item_ids, catalog_name, cost_credits, cost_pixels, amount)  VALUES ('15', '19926', 'landscape_single_3.1', '3', '0', '1');
INSERT INTO `catalog_items` (page_id, item_ids, catalog_name, cost_credits, cost_pixels, amount)  VALUES ('15', '19926', 'landscape_single_4.1', '3', '0', '1');
INSERT INTO `catalog_items` (page_id, item_ids, catalog_name, cost_credits, cost_pixels, amount)  VALUES ('15', '19926', 'landscape_single_5.1', '3', '0', '1');
INSERT INTO `catalog_items` (page_id, item_ids, catalog_name, cost_credits, cost_pixels, amount)  VALUES ('15', '19926', 'landscape_single_6.1', '3', '0', '1');
INSERT INTO `catalog_items` (page_id, item_ids, catalog_name, cost_credits, cost_pixels, amount)  VALUES ('15', '19926', 'landscape_single_7.1', '3', '0', '1');
INSERT INTO `catalog_items` (page_id, item_ids, catalog_name, cost_credits, cost_pixels, amount)  VALUES ('15', '19926', 'landscape_single_1.2', '3', '0', '1');
INSERT INTO `catalog_items` (page_id, item_ids, catalog_name, cost_credits, cost_pixels, amount)  VALUES ('15', '19926', 'landscape_single_1.3', '3', '0', '1');
INSERT INTO `catalog_items` (page_id, item_ids, catalog_name, cost_credits, cost_pixels, amount)  VALUES ('15', '19926', 'landscape_single_2.3', '3', '0', '1');
INSERT INTO `catalog_items` (page_id, item_ids, catalog_name, cost_credits, cost_pixels, amount)  VALUES ('15', '19926', 'landscape_single_3.3', '3', '0', '1');
INSERT INTO `catalog_items` (page_id, item_ids, catalog_name, cost_credits, cost_pixels, amount)  VALUES ('15', '19926', 'landscape_single_4.3', '3', '0', '1');
INSERT INTO `catalog_items` (page_id, item_ids, catalog_name, cost_credits, cost_pixels, amount)  VALUES ('15', '19926', 'landscape_single_5.3', '3', '0', '1');
INSERT INTO `catalog_items` (page_id, item_ids, catalog_name, cost_credits, cost_pixels, amount)  VALUES ('15', '19926', 'landscape_single_6.3', '3', '0', '1');
INSERT INTO `catalog_items` (page_id, item_ids, catalog_name, cost_credits, cost_pixels, amount)  VALUES ('15', '19926', 'landscape_single_7.3', '3', '0', '1');
INSERT INTO `catalog_items` (page_id, item_ids, catalog_name, cost_credits, cost_pixels, amount)  VALUES ('15', '19926', 'landscape_single_1.4', '3', '0', '1');
INSERT INTO `catalog_items` (page_id, item_ids, catalog_name, cost_credits, cost_pixels, amount)  VALUES ('15', '19926', 'landscape_single_2.4', '3', '0', '1');
INSERT INTO `catalog_items` (page_id, item_ids, catalog_name, cost_credits, cost_pixels, amount)  VALUES ('15', '19926', 'landscape_single_3.4', '3', '0', '1');
INSERT INTO `catalog_items` (page_id, item_ids, catalog_name, cost_credits, cost_pixels, amount)  VALUES ('15', '19926', 'landscape_single_4.4', '3', '0', '1');
INSERT INTO `catalog_items` (page_id, item_ids, catalog_name, cost_credits, cost_pixels, amount)  VALUES ('15', '19926', 'landscape_single_5.4', '3', '0', '1');
INSERT INTO `catalog_items` (page_id, item_ids, catalog_name, cost_credits, cost_pixels, amount)  VALUES ('15', '19926', 'landscape_single_6.4', '3', '0', '1');
INSERT INTO `catalog_items` (page_id, item_ids, catalog_name, cost_credits, cost_pixels, amount)  VALUES ('15', '19926', 'landscape_single_7.4', '3', '0', '1');
INSERT INTO `catalog_items` (page_id, item_ids, catalog_name, cost_credits, cost_pixels, amount)  VALUES ('15', '19926', 'landscape_single_1.5', '3', '0', '1');
INSERT INTO `catalog_items` (page_id, item_ids, catalog_name, cost_credits, cost_pixels, amount)  VALUES ('15', '19926', 'landscape_single_2.5', '3', '0', '1');
INSERT INTO `catalog_items` (page_id, item_ids, catalog_name, cost_credits, cost_pixels, amount)  VALUES ('15', '19926', 'landscape_single_3.5', '3', '0', '1');
INSERT INTO `catalog_items` (page_id, item_ids, catalog_name, cost_credits, cost_pixels, amount)  VALUES ('15', '19926', 'landscape_single_4.5', '3', '0', '1');
INSERT INTO `catalog_items` (page_id, item_ids, catalog_name, cost_credits, cost_pixels, amount)  VALUES ('15', '19926', 'landscape_single_5.5', '3', '0', '1');
INSERT INTO `catalog_items` (page_id, item_ids, catalog_name, cost_credits, cost_pixels, amount)  VALUES ('15', '19926', 'landscape_single_6.5', '3', '0', '1');
INSERT INTO `catalog_items` (page_id, item_ids, catalog_name, cost_credits, cost_pixels, amount)  VALUES ('15', '19926', 'landscape_single_7.5', '3', '0', '1');
INSERT INTO `catalog_items` (page_id, item_ids, catalog_name, cost_credits, cost_pixels, amount)  VALUES ('15', '19926', 'landscape_single_1.6', '3', '0', '1');
INSERT INTO `catalog_items` (page_id, item_ids, catalog_name, cost_credits, cost_pixels, amount)  VALUES ('15', '19926', 'landscape_single_2.6', '3', '0', '1');
INSERT INTO `catalog_items` (page_id, item_ids, catalog_name, cost_credits, cost_pixels, amount)  VALUES ('15', '19926', 'landscape_single_3.6', '3', '0', '1');
INSERT INTO `catalog_items` (page_id, item_ids, catalog_name, cost_credits, cost_pixels, amount)  VALUES ('15', '19926', 'landscape_single_4.6', '3', '0', '1');
INSERT INTO `catalog_items` (page_id, item_ids, catalog_name, cost_credits, cost_pixels, amount)  VALUES ('15', '19926', 'landscape_single_5.6', '3', '0', '1');
INSERT INTO `catalog_items` (page_id, item_ids, catalog_name, cost_credits, cost_pixels, amount)  VALUES ('15', '19926', 'landscape_single_6.6', '3', '0', '1');
INSERT INTO `catalog_items` (page_id, item_ids, catalog_name, cost_credits, cost_pixels, amount)  VALUES ('15', '19926', 'landscape_single_7.6', '3', '0', '1');
INSERT INTO `catalog_items` (page_id, item_ids, catalog_name, cost_credits, cost_pixels, amount)  VALUES ('15', '19926', 'landscape_single_1.7', '3', '0', '1');
INSERT INTO `catalog_items` (page_id, item_ids, catalog_name, cost_credits, cost_pixels, amount)  VALUES ('15', '19926', 'landscape_single_2.7', '3', '0', '1');
INSERT INTO `catalog_items` (page_id, item_ids, catalog_name, cost_credits, cost_pixels, amount)  VALUES ('15', '19926', 'landscape_single_3.7', '3', '0', '1');
INSERT INTO `catalog_items` (page_id, item_ids, catalog_name, cost_credits, cost_pixels, amount)  VALUES ('15', '19926', 'landscape_single_4.7', '3', '0', '1');
INSERT INTO `catalog_items` (page_id, item_ids, catalog_name, cost_credits, cost_pixels, amount)  VALUES ('15', '19926', 'landscape_single_5.7', '3', '0', '1');
INSERT INTO `catalog_items` (page_id, item_ids, catalog_name, cost_credits, cost_pixels, amount)  VALUES ('15', '19926', 'landscape_single_6.7', '3', '0', '1');
INSERT INTO `catalog_items` (page_id, item_ids, catalog_name, cost_credits, cost_pixels, amount)  VALUES ('15', '19926', 'landscape_single_7.7', '3', '0', '1');
INSERT INTO `catalog_items` (page_id, item_ids, catalog_name, cost_credits, cost_pixels, amount)  VALUES ('15', '19926', 'landscape_single_1.8', '3', '0', '1');
INSERT INTO `catalog_items` (page_id, item_ids, catalog_name, cost_credits, cost_pixels, amount)  VALUES ('15', '19926', 'landscape_single_1.9', '3', '0', '1');
INSERT INTO `catalog_items` (page_id, item_ids, catalog_name, cost_credits, cost_pixels, amount)  VALUES ('15', '19926', 'landscape_single_1.10', '3', '0', '1');
INSERT INTO `catalog_items` (page_id, item_ids, catalog_name, cost_credits, cost_pixels, amount)  VALUES ('15', '19926', 'landscape_single_1.11', '3', '0', '1');
INSERT INTO `catalog_items` (page_id, item_ids, catalog_name, cost_credits, cost_pixels, amount)  VALUES ('15', '19926', 'landscape_single_7.12', '3', '0', '1');

DROP TABLE IF EXISTS `navigator_publics`;
CREATE TABLE `navigator_publics` (
  `id` int(11) NOT NULL AUTO_INCREMENT,
  `ordernum` int(11) NOT NULL DEFAULT '1',
  `bannertype` enum('0','1') NOT NULL COMMENT '0 = big, 1 = normal',
  `caption` varchar(100) NOT NULL,
  `image` text NOT NULL,
  `image_type` enum('internal','external') NOT NULL DEFAULT 'internal',
  `room_id` int(10) unsigned NOT NULL,
  `category_id` int(11) NOT NULL DEFAULT '0',
  `category_parent_id` int(11) NOT NULL DEFAULT '-1',
  `enabled` enum('0','1') NOT NULL DEFAULT '1',
  `recommended` enum('0','1') NOT NULL DEFAULT '0',
  `category` enum('0','1') NOT NULL DEFAULT '0',
  PRIMARY KEY (`id`)
) ENGINE=MyISAM AUTO_INCREMENT=28 DEFAULT CHARSET=latin1;

INSERT INTO `navigator_publics` VALUES ('9', '8', '0', 'Internet cafe', 'netcafe', 'internal', '9', '0', '27', '1', '0', '0');
INSERT INTO `navigator_publics` VALUES ('10', '6', '0', 'The Park', 'park', 'internal', '10', '0', '24', '1', '0', '0');
INSERT INTO `navigator_publics` VALUES ('12', '12', '0', 'Heaven\'s Beach Cafe', 'rooftop', 'internal', '12', '0', '27', '1', '0', '0');
INSERT INTO `navigator_publics` VALUES ('13', '11', '0', 'Heaven\'s Beach Cafe 2', 'rooftop', 'internal', '13', '0', '27', '1', '0', '0');
INSERT INTO `navigator_publics` VALUES ('14', '5', '0', 'Pizzeria Pepperoni', 'pizza', 'internal', '14', '0', '27', '1', '0', '0');
INSERT INTO `navigator_publics` VALUES ('16', '7', '0', 'Star Lounge', 'star_lounge', 'internal', '16', '0', '27', '1', '0', '0');
INSERT INTO `navigator_publics` VALUES ('17', '9', '0', 'Mainostila: Hyytelopalatsi', 'officialrooms_nl/officialroom_sport.gif', 'external', '17', '0', '27', '1', '0', '0');
INSERT INTO `navigator_publics` VALUES ('18', '1', '0', 'Newbie Lobby', 'lobby', 'internal', '7', '0', '0', '1', '0', '0');
INSERT INTO `navigator_publics` VALUES ('19', '10', '0', 'VG Library', 'library', 'internal', '8', '0', '25', '1', '0', '0');
INSERT INTO `navigator_publics` VALUES ('20', '3', '0', 'Picnic Area', 'picnic', 'internal', '19', '0', '24', '1', '0', '0');
INSERT INTO `navigator_publics` VALUES ('21', '4', '0', 'Theatredrome', 'theater', 'internal', '20', '0', '25', '1', '0', '0');
INSERT INTO `navigator_publics` VALUES ('22', '7', '0', 'Info Bus', 'officialrooms_hq/hpv_infobus_nav_preview.png', 'internal', '21', '0', '0', '1', '0', '0');
INSERT INTO `navigator_publics` VALUES ('23', '2', '0', 'Habbo Cinema', 'habbo_cinema', 'internal', '22', '0', '25', '1', '0', '0');
INSERT INTO `navigator_publics` VALUES ('24', '1', '0', 'Outside spaces', '', 'internal', '0', '1', '0', '1', '0', '1');
INSERT INTO `navigator_publics` VALUES ('25', '1', '0', 'Entertainment', '', 'internal', '0', '1', '0', '1', '0', '1');
INSERT INTO `navigator_publics` VALUES ('26', '1', '0', 'Pools (Which are all closed)', '', 'internal', '0', '1', '0', '1', '0', '1');
INSERT INTO `navigator_publics` VALUES ('27', '1', '0', 'Chill', '', 'internal', '0', '1', '0', '1', '0', '1');
